<?xml version='1.0'?>
<!--
Copyright (c) 2002-2011, Jens Erik Nielsen, University College Dublin; 
Nathan A. Baker, Battelle Memorial Institute, Developed at the Pacific 
Northwest National Laboratory, operated by Battelle Memorial Institute, 
Pacific Northwest Division for the U.S. Department Energy.; 
Paul Czodrowski & Gerhard Klebe, University of Marburg.

All rights reserved.

Redistribution and use in source and binary forms, with or without modification, 
are permitted provided that the following conditions are met:

    * Redistributions of source code must retain the above copyright notice, 
      this list of conditions and the following disclaimer.
    * Redistributions in binary form must reproduce the above copyright notice, 
      this list of conditions and the following disclaimer in the documentation 
      and/or other materials provided with the distribution.
    * Neither the names of University College Dublin, Battelle Memorial Institute,
      Pacific Northwest National Laboratory, US Department of Energy, or University
      of Marburg nor the names of its contributors may be used to endorse or promote
      products derived from this software without specific prior written permission.

THIS SOFTWARE IS PROVIDED BY THE COPYRIGHT HOLDERS AND CONTRIBUTORS "AS IS" AND 
ANY EXPRESS OR IMPLIED WARRANTIES, INCLUDING, BUT NOT LIMITED TO, THE IMPLIED 
WARRANTIES OF MERCHANTABILITY AND FITNESS FOR A PARTICULAR PURPOSE ARE DISCLAIMED. 
IN NO EVENT SHALL THE COPYRIGHT OWNER OR CONTRIBUTORS BE LIABLE FOR ANY DIRECT, 
INDIRECT, INCIDENTAL, SPECIAL, EXEMPLARY, OR CONSEQUENTIAL DAMAGES (INCLUDING, 
BUT NOT LIMITED TO, PROCUREMENT OF SUBSTITUTE GOODS OR SERVICES; LOSS OF USE, 
DATA, OR PROFITS; OR BUSINESS INTERRUPTION) HOWEVER CAUSED AND ON ANY THEORY OF 
LIABILITY, WHETHER IN CONTRACT, STRICT LIABILITY, OR TORT (INCLUDING NEGLIGENCE 
OR OTHERWISE) ARISING IN ANY WAY OUT OF THE USE OF THIS SOFTWARE, EVEN IF ADVISED 
OF THE POSSIBILITY OF SUCH DAMAGE.
-->
<nucleicacids>
  <residue>
    <name>RA</name>
    <atom>
      <name>P</name>
      <x>2.314489</x>
      <y>1.776673</y>
      <z>-0.478436</z>
      <bond>O1P</bond>
      <bond>O2P</bond>
      <bond>O5'</bond>
    </atom>
    <atom>
      <name>O1P</name>
      <x>1.933410</x>
      <y>3.073374</y>
      <z>-1.081549</z>
      <bond>P</bond>
    </atom>
    <atom>
      <name>O2P</name>
      <x>3.156547</x>
      <y>0.871841</y>
      <z>-1.292450</z>
      <bond>P</bond>
    </atom>
    <atom>
      <name>O5'</name>
      <altname>O5*</altname>
      <x>2.994369</x>
      <y>2.142475</y>
      <z>0.922974</z>
      <bond>P</bond>
      <bond>C5'</bond>
    </atom>
    <atom>
      <name>C5'</name>
      <altname>C5*</altname>
      <x>2.156035</x>
      <y>2.551837</y>
      <z>2.019887</z>
      <bond>O5'</bond>
      <bond>H5'</bond>
      <bond>H5''</bond>
      <bond>C4'</bond>
    </atom>
    <atom>
      <name>H5'</name>
      <altname>H5*</altname>
      <altname>H5'1</altname>
      <altname>H5*1</altname>
      <altname>1H5'</altname>
      <altname>1H5*</altname>
      <x>1.452687</x>
      <y>1.753841</y>
      <z>2.257803</z>
      <bond>C5'</bond>
    </atom>
    <atom>
      <name>H5''</name>
      <altname>H5**</altname>
      <altname>H5'2</altname>
      <altname>H5*2</altname>
      <altname>2H5'</altname>
      <altname>2H5*</altname>
      <altname>H5"</altname>
      <x>1.604968</x>
      <y>3.450028</y>
      <z>1.741178</z>
      <bond>C5'</bond>
    </atom>
    <atom>
      <name>C4'</name>
      <altname>C4*</altname>
      <x>3.008252</x>
      <y>2.847921</y>
      <z>3.243186</z>
      <bond>C5'</bond>
      <bond>H4'</bond>
      <bond>O4'</bond>
      <bond>C3'</bond>
    </atom>
    <atom>
      <name>H4'</name>
      <altname>H4*</altname>
      <x>2.447118</x>
      <y>3.477373</y>
      <z>3.933851</z>
      <bond>C4'</bond>
    </atom>
    <atom>
      <name>O4'</name>
      <altname>O4*</altname>
      <x>3.228121</x>
      <y>1.605168</y>
      <z>3.977231</z>
      <bond>C4'</bond>
      <bond>C1'</bond>
    </atom>
    <atom>
      <name>C1'</name>
      <altname>C1*</altname>
      <x>4.558614</x>
      <y>1.150950</y>
      <z>3.777548</z>
      <bond>O4'</bond>
      <bond>H1'</bond>
      <bond>N9</bond>
      <bond>C2'</bond>
    </atom>
    <atom>
      <name>H1'</name>
      <altname>H1*</altname>
      <x>5.072002</x>
      <y>1.095281</y>
      <z>4.737461</z>
      <bond>C1'</bond>
    </atom>
    <atom>
      <name>N9</name>
      <x>4.538887</x>
      <y>-0.297039</y>
      <z>3.315663</z>
      <bond>C1'</bond>
      <bond>C8</bond>
      <bond>C4</bond>
    </atom>
    <atom>
      <name>C8</name>
      <x>4.336753</x>
      <y>-0.846471</y>
      <z>2.077048</z>
      <bond>N9</bond>
      <bond>H8</bond>
      <bond>N7</bond>
    </atom>
    <atom>
      <name>H8</name>
      <x>4.152405</x>
      <y>-0.207228</y>
      <z>1.226292</z>
      <bond>C8</bond>
    </atom>
    <atom>
      <name>N7</name>
      <x>4.452865</x>
      <y>-2.140973</y>
      <z>2.049081</z>
      <bond>C8</bond>
      <bond>C5</bond>
    </atom>
    <atom>
      <name>C5</name>
      <x>4.754063</x>
      <y>-2.480044</y>
      <z>3.363010</z>
      <bond>N7</bond>
      <bond>C6</bond>
      <bond>C4</bond>
    </atom>
    <atom>
      <name>C6</name>
      <x>4.998001</x>
      <y>-3.708197</y>
      <z>3.989216</z>
      <bond>C5</bond>
      <bond>N6</bond>
      <bond>N1</bond>
    </atom>
    <atom>
      <name>N6</name>
      <x>4.976786</x>
      <y>-4.883494</y>
      <z>3.345922</z>
      <bond>C6</bond>
      <bond>H61</bond>
      <bond>H62</bond>
    </atom>
    <atom>
      <name>H61</name>
      <altname>1H6</altname>
      <x>5.160722</x>
      <y>-5.738815</y>
      <z>3.850595</z>
      <bond>N6</bond>
    </atom>
    <atom>
      <name>H62</name>
      <altname>2H6</altname>
      <x>4.776859</x>
      <y>-4.914033</y>
      <z>2.356379</z>
      <bond>N6</bond>
    </atom>
    <atom>
      <name>N1</name>
      <x>5.265303</x>
      <y>-3.689337</y>
      <z>5.302150</z>
      <bond>C6</bond>
      <bond>C2</bond>
    </atom>
    <atom>
      <name>C2</name>
      <x>5.284983</x>
      <y>-2.519871</y>
      <z>5.935286</z>
      <bond>N1</bond>
      <bond>H2</bond>
      <bond>N3</bond>
    </atom>
    <atom>
      <name>H2</name>
      <x>5.498276</x>
      <y>-2.482153</y>
      <z>6.993342</z>
      <bond>C2</bond>
    </atom>
    <atom>
      <name>N3</name>
      <x>5.072691</x>
      <y>-1.308506</y>
      <z>5.455779</z>
      <bond>C2</bond>
      <bond>C4</bond>
    </atom>
    <atom>
      <name>C4</name>
      <x>4.806144</x>
      <y>-1.356352</y>
      <z>4.133219</z>
      <bond>N9</bond>
      <bond>C5</bond>
      <bond>N3</bond>
    </atom>
    <atom>
      <name>C3'</name>
      <altname>C3*</altname>
      <x>4.415606</x>
      <y>3.377827</y>
      <z>2.961306</z>
      <bond>C4'</bond>
      <bond>H3'</bond>
      <bond>C2'</bond>
      <bond>O3'</bond>
    </atom>
    <atom>
      <name>H3'</name>
      <altname>H3*</altname>
      <x>4.412072</x>
      <y>3.941489</y>
      <z>2.028369</z>
      <bond>C3'</bond>
    </atom>
    <atom>
      <name>C2'</name>
      <altname>C2*</altname>
      <x>5.230443</x>
      <y>2.095696</y>
      <z>2.779425</z>
      <bond>C1'</bond>
      <bond>C3'</bond>
      <bond>H2'</bond>
      <bond>O2'</bond>
    </atom>
    <atom>
      <name>H2'</name>
      <altname>H2*</altname>
      <altname>H2'1</altname>
      <altname>H2*1</altname>
      <x>5.668211</x>
      <y>2.081313</y>
      <z>1.781301</z>
      <bond>C2'</bond>
    </atom>
    <atom>
      <name>O2'</name>
      <altname>O2*</altname>
      <x>6.272982</x>
      <y>2.049941</y>
      <z>3.757136</z>
      <bond>C2'</bond>
      <bond>H2''</bond>
    </atom>
    <atom>
      <name>H2''</name>
      <altname>H2**</altname>
      <altname>HO'2</altname>
      <altname>HO*2</altname>
      <altname>H2'2</altname>
      <altname>H2*2</altname>
      <altname>2HO'</altname>
      <altname>2HO*</altname>
      <altname>2H2'</altname>
      <altname>2H2*</altname>
      <altname>HO2'</altname>
      <x>6.759278</x>
      <y>1.235228</y>
      <z>3.610987</z>
      <bond>O2'</bond>
    </atom>
    <atom>
      <name>O3'</name>
      <altname>O3*</altname>
      <x>5.029898</x>
      <y>4.128649</y>
      <z>3.998279</z>
      <bond>C3'</bond>
    </atom>
    <dihedral>C5 C6 N6 H62</dihedral>
    <dihedral>C1' C2' O2' H2''</dihedral>
  </residue>
  <residue>
    <name>RC</name>
    <atom>
      <name>P</name>
      <x>2.314489</x>
      <y>1.776673</y>
      <z>-0.478436</z>
      <bond>O1P</bond>
      <bond>O2P</bond>
      <bond>O5'</bond>
    </atom>
    <atom>
      <name>O1P</name>
      <x>1.933410</x>
      <y>3.073374</y>
      <z>-1.081549</z>
      <bond>P</bond>
    </atom>
    <atom>
      <name>O2P</name>
      <x>3.156547</x>
      <y>0.871841</y>
      <z>-1.292450</z>
      <bond>P</bond>
    </atom>
    <atom>
      <name>O5'</name>
      <altname>O5*</altname>
      <x>2.994369</x>
      <y>2.142475</y>
      <z>0.922974</z>
      <bond>P</bond>
      <bond>C5'</bond>
    </atom>
    <atom>
      <name>C5'</name>
      <altname>C5*</altname>
      <x>2.156035</x>
      <y>2.551837</y>
      <z>2.019887</z>
      <bond>O5'</bond>
      <bond>H5'</bond>
      <bond>H5''</bond>
      <bond>C4'</bond>
    </atom>
    <atom>
      <name>H5'</name>
      <altname>H5*</altname>
      <altname>H5'1</altname>
      <altname>H5*1</altname>
      <altname>1H5'</altname>
      <altname>1H5*</altname>
      <x>1.452687</x>
      <y>1.753841</y>
      <z>2.257803</z>
      <bond>C5'</bond>
    </atom>
    <atom>
      <name>H5''</name>
      <altname>H5**</altname>
      <altname>H5'2</altname>
      <altname>H5*2</altname>
      <altname>2H5'</altname>
      <altname>2H5*</altname>
      <altname>H5"</altname>
      <x>1.604968</x>
      <y>3.450028</y>
      <z>1.741178</z>
      <bond>C5'</bond>
    </atom>
    <atom>
      <name>C4'</name>
      <altname>C4*</altname>
      <x>3.008252</x>
      <y>2.847921</y>
      <z>3.243186</z>
      <bond>C5'</bond>
      <bond>H4'</bond>
      <bond>O4'</bond>
      <bond>C3'</bond>
    </atom>
    <atom>
      <name>H4'</name>
      <altname>H4*</altname>
      <x>2.447118</x>
      <y>3.477373</y>
      <z>3.933851</z>
      <bond>C4'</bond>
    </atom>
    <atom>
      <name>O4'</name>
      <altname>O4*</altname>
      <x>3.228121</x>
      <y>1.605168</y>
      <z>3.977231</z>
      <bond>C4'</bond>
      <bond>C1'</bond>
    </atom>
    <atom>
      <name>C1'</name>
      <altname>C1*</altname>
      <x>4.558614</x>
      <y>1.150950</y>
      <z>3.777548</z>
      <bond>O4'</bond>
      <bond>H1'</bond>
      <bond>N1</bond>
      <bond>C2'</bond>
    </atom>
    <atom>
      <name>H1'</name>
      <altname>H1*</altname>
      <x>5.072002</x>
      <y>1.095281</y>
      <z>4.737461</z>
      <bond>C1'</bond>
    </atom>
    <atom>
      <name>N1</name>
      <x>4.500572</x>
      <y>-0.267961</y>
      <z>3.326525</z>
      <bond>C1'</bond>
      <bond>C6</bond>
      <bond>C2</bond>
    </atom>
    <atom>
      <name>C6</name>
      <x>4.258199</x>
      <y>-0.582249</y>
      <z>2.025726</z>
      <bond>N1</bond>
      <bond>H6</bond>
      <bond>C5</bond>
    </atom>
    <atom>
      <name>H6</name>
      <x>4.103961</x>
      <y>0.202767</y>
      <z>1.300219</z>
      <bond>C6</bond>
    </atom>
    <atom>
      <name>C5</name>
      <x>4.205657</x>
      <y>-1.878084</y>
      <z>1.616273</z>
      <bond>C6</bond>
      <bond>H5</bond>
      <bond>C4</bond>
    </atom>
    <atom>
      <name>H5</name>
      <x>4.010254</x>
      <y>-2.111434</y>
      <z>0.569628</z>
      <bond>C5</bond>
    </atom>
    <atom>
      <name>C4</name>
      <x>4.416202</x>
      <y>-2.880835</y>
      <z>2.613801</z>
      <bond>C5</bond>
      <bond>N4</bond>
      <bond>N3</bond>
    </atom>
    <atom>
      <name>N4</name>
      <x>4.378897</x>
      <y>-4.158915</y>
      <z>2.285902</z>
      <bond>C4</bond>
      <bond>H41</bond>
      <bond>H42</bond>
    </atom>
    <atom>
      <name>H41</name>
      <altname>1H4</altname>
      <x>4.532463</x>
      <y>-4.836389</y>
      <z>3.019078</z>
      <bond>N4</bond>
    </atom>
    <atom>
      <name>H42</name>
      <altname>2H4</altname>
      <x>4.201767</x>
      <y>-4.434444</y>
      <z>1.330491</z>
      <bond>N4</bond>
    </atom>
    <atom>
      <name>N3</name>
      <x>4.652648</x>
      <y>-2.564458</y>
      <z>3.883801</z>
      <bond>C4</bond>
      <bond>C2</bond>
    </atom>
    <atom>
      <name>C2</name>
      <x>4.701238</x>
      <y>-1.262314</y>
      <z>4.273234</z>
      <bond>N1</bond>
      <bond>N3</bond>
      <bond>O2</bond>
    </atom>
    <atom>
      <name>O2</name>
      <x>4.918963</x>
      <y>-0.927584</y>
      <z>5.447181</z>
      <bond>C2</bond>
    </atom>
    <atom>
      <name>C3'</name>
      <altname>C3*</altname>
      <x>4.415606</x>
      <y>3.377827</y>
      <z>2.961306</z>
      <bond>C4'</bond>
      <bond>H3'</bond>
      <bond>C2'</bond>
      <bond>O3'</bond>
    </atom>
    <atom>
      <name>H3'</name>
      <altname>H3*</altname>
      <x>4.412072</x>
      <y>3.941489</y>
      <z>2.028369</z>
      <bond>C3'</bond>
    </atom>
    <atom>
      <name>C2'</name>
      <altname>C2*</altname>
      <x>5.230443</x>
      <y>2.095696</y>
      <z>2.779425</z>
      <bond>C1'</bond>
      <bond>C3'</bond>
      <bond>H2'</bond>
      <bond>O2'</bond>
    </atom>
    <atom>
      <name>H2'</name>
      <altname>H2*</altname>
      <altname>H2'1</altname>
      <altname>H2*1</altname>
      <altname>1H2'</altname>
      <altname>1H2*</altname>
      <x>5.668211</x>
      <y>2.081313</y>
      <z>1.781301</z>
      <bond>C2'</bond>
    </atom>
    <atom>
      <name>O2'</name>
      <altname>O2*</altname>
      <x>6.272982</x>
      <y>2.049941</y>
      <z>3.757136</z>
      <bond>C2'</bond>
      <bond>H2''</bond>
    </atom>
    <atom>
      <name>H2''</name>
      <altname>H2**</altname>
      <altname>H2'2</altname>
      <altname>H2*2</altname>
      <altname>HO'2</altname>
      <altname>HO*2</altname>
      <altname>2H2'</altname>
      <altname>2H2*</altname>
      <altname>2HO'</altname>
      <altname>2HO*</altname>
      <altname>HO2'</altname>
      <x>6.759278</x>
      <y>1.235228</y>
      <z>3.610987</z>
      <bond>O2'</bond>
    </atom>
    <atom>
      <name>O3'</name>
      <altname>O3*</altname>
      <x>5.029898</x>
      <y>4.128649</y>
      <z>3.998279</z>
      <bond>C3'</bond>
    </atom>
    <dihedral>C5 C4 N4 H41</dihedral>
    <dihedral>C3' C2' O2' H2''</dihedral>
  </residue>
  <residue>
    <name>RG</name>
    <atom>
      <name>P</name>
      <x>2.314489</x>
      <y>1.776673</y>
      <z>-0.478436</z>
      <bond>O1P</bond>
      <bond>O2P</bond>
      <bond>O5'</bond>
    </atom>
    <atom>
      <name>O1P</name>
      <x>1.933410</x>
      <y>3.073374</y>
      <z>-1.081549</z>
      <bond>P</bond>
    </atom>
    <atom>
      <name>O2P</name>
      <x>3.156547</x>
      <y>0.871841</y>
      <z>-1.292450</z>
      <bond>P</bond>
    </atom>
    <atom>
      <name>O5'</name>
      <altname>O5*</altname>
      <x>2.994369</x>
      <y>2.142475</y>
      <z>0.922974</z>
      <bond>P</bond>
      <bond>C5'</bond>
    </atom>
    <atom>
      <name>C5'</name>
      <altname>C5*</altname>
      <x>2.156035</x>
      <y>2.551837</y>
      <z>2.019887</z>
      <bond>O5'</bond>
      <bond>H5'</bond>
      <bond>H5''</bond>
      <bond>C4'</bond>
    </atom>
    <atom>
      <name>H5'</name>
      <altname>H5*</altname>
      <altname>H5'1</altname>
      <altname>H5*1</altname>
      <altname>1H5'</altname>
      <altname>1H5*</altname>
      <x>1.452687</x>
      <y>1.753841</y>
      <z>2.257803</z>
      <bond>C5'</bond>
    </atom>
    <atom>
      <name>H5''</name>
      <altname>H5**</altname>
      <altname>H5'2</altname>
      <altname>H5*2</altname>
      <altname>2H5'</altname>
      <altname>2H5*</altname>
      <altname>H5"</altname>
      <x>1.604968</x>
      <y>3.450028</y>
      <z>1.741178</z>
      <bond>C5'</bond>
    </atom>
    <atom>
      <name>C4'</name>
      <altname>C4*</altname>
      <x>3.008252</x>
      <y>2.847921</y>
      <z>3.243186</z>
      <bond>C5'</bond>
      <bond>H4'</bond>
      <bond>O4'</bond>
      <bond>C3'</bond>
    </atom>
    <atom>
      <name>H4'</name>
      <altname>H4*</altname>
      <x>2.447118</x>
      <y>3.477373</y>
      <z>3.933851</z>
      <bond>C4'</bond>
    </atom>
    <atom>
      <name>O4'</name>
      <altname>O4*</altname>
      <x>3.228121</x>
      <y>1.605168</y>
      <z>3.977231</z>
      <bond>C4'</bond>
      <bond>C1'</bond>
    </atom>
    <atom>
      <name>C1'</name>
      <altname>C1*</altname>
      <x>4.558614</x>
      <y>1.150950</y>
      <z>3.777548</z>
      <bond>O4'</bond>
      <bond>H1'</bond>
      <bond>N9</bond>
      <bond>C2'</bond>
    </atom>
    <atom>
      <name>H1'</name>
      <altname>H1*</altname>
      <x>5.072002</x>
      <y>1.095281</y>
      <z>4.737461</z>
      <bond>C1'</bond>
    </atom>
    <atom>
      <name>N9</name>
      <x>4.499533</x>
      <y>-0.267934</y>
      <z>3.326576</z>
      <bond>C1'</bond>
      <bond>C8</bond>
      <bond>C4</bond>
    </atom>
    <atom>
      <name>C8</name>
      <x>4.267504</x>
      <y>-0.772686</y>
      <z>2.063331</z>
      <bond>N9</bond>
      <bond>H8</bond>
      <bond>N7</bond>
    </atom>
    <atom>
      <name>H8</name>
      <x>4.096308</x>
      <y>-0.099877</y>
      <z>1.236033</z>
      <bond>C8</bond>
    </atom>
    <atom>
      <name>N7</name>
      <x>4.278741</x>
      <y>-2.081203</y>
      <z>2.002035</z>
      <bond>C8</bond>
      <bond>C5</bond>
    </atom>
    <atom>
      <name>C5</name>
      <x>4.535095</x>
      <y>-2.474583</y>
      <z>3.310330</z>
      <bond>N7</bond>
      <bond>C6</bond>
      <bond>C4</bond>
    </atom>
    <atom>
      <name>C6</name>
      <x>4.665031</x>
      <y>-3.772051</y>
      <z>3.872552</z>
      <bond>C5</bond>
      <bond>O6</bond>
      <bond>N1</bond>
    </atom>
    <atom>
      <name>O6</name>
      <x>4.578059</x>
      <y>-4.865457</y>
      <z>3.315956</z>
      <bond>C6</bond>
    </atom>
    <atom>
      <name>N1</name>
      <x>4.925924</x>
      <y>-3.709096</y>
      <z>5.246587</z>
      <bond>C6</bond>
      <bond>H1</bond>
      <bond>C2</bond>
    </atom>
    <atom>
      <name>H1</name>
      <x>5.032526</x>
      <y>-4.575560</y>
      <z>5.734311</z>
      <bond>N1</bond>
    </atom>
    <atom>
      <name>C2</name>
      <x>5.047712</x>
      <y>-2.547461</y>
      <z>5.981551</z>
      <bond>N1</bond>
      <bond>N2</bond>
      <bond>N3</bond>
    </atom>
    <atom>
      <name>N2</name>
      <x>5.299265</x>
      <y>-2.702442</y>
      <z>7.288571</z>
      <bond>C2</bond>
      <bond>H21</bond>
      <bond>H22</bond>
    </atom>
    <atom>
      <name>H21</name>
      <altname>1H2</altname>
      <x>5.396738</x>
      <y>-3.573950</y>
      <z>7.789643</z>
      <bond>N2</bond>
    </atom>
    <atom>
      <name>H22</name>
      <altname>2H2</altname>
      <x>5.381214</x>
      <y>-1.857324</y>
      <z>7.835527</z>
      <bond>N2</bond>
    </atom>
    <atom>
      <name>N3</name>
      <x>4.927829</x>
      <y>-1.332945</y>
      <z>5.452892</z>
      <bond>C2</bond>
      <bond>C4</bond>
    </atom>
    <atom>
      <name>C4</name>
      <x>4.673998</x>
      <y>-1.376548</y>
      <z>4.117501</z>
      <bond>N9</bond>
      <bond>C5</bond>
      <bond>N3</bond>
    </atom>
    <atom>
      <name>C3'</name>
      <altname>C3*</altname>
      <x>4.415606</x>
      <y>3.377827</y>
      <z>2.961306</z>
      <bond>C4'</bond>
      <bond>H3'</bond>
      <bond>C2'</bond>
      <bond>O3'</bond>
    </atom>
    <atom>
      <name>H3'</name>
      <altname>H3*</altname>
      <x>4.412072</x>
      <y>3.941489</y>
      <z>2.028369</z>
      <bond>C3'</bond>
    </atom>
    <atom>
      <name>C2'</name>
      <altname>C2*</altname>
      <x>5.230443</x>
      <y>2.095696</y>
      <z>2.779425</z>
      <bond>C1'</bond>
      <bond>C3'</bond>
      <bond>H2'</bond>
      <bond>O2'</bond>
    </atom>
    <atom>
      <name>H2'</name>
      <altname>H2*</altname>
      <altname>H2'1</altname>
      <altname>H2*1</altname>
      <altname>1H2'</altname>
      <altname>1H2*</altname>
      <x>5.668211</x>
      <y>2.081313</y>
      <z>1.781301</z>
      <bond>C2'</bond>
    </atom>
    <atom>
      <name>O2'</name>
      <altname>O2*</altname>
      <x>6.272982</x>
      <y>2.049941</y>
      <z>3.757136</z>
      <bond>C2'</bond>
      <bond>H2''</bond>
    </atom>
    <atom>
      <name>H2''</name>
      <altname>H2**</altname>
      <altname>H2'2</altname>
      <altname>H2*2</altname>
      <altname>HO'2</altname>
      <altname>HO*2</altname>
      <altname>2H2'</altname>
      <altname>2H2*</altname>
      <altname>2HO'</altname>
      <altname>2HO*</altname>
      <altname>HO2'</altname>
      <x>6.759278</x>
      <y>1.235228</y>
      <z>3.610987</z>
      <bond>O2'</bond>
    </atom>
    <atom>
      <name>O3'</name>
      <altname>O3*</altname>
      <x>5.029898</x>
      <y>4.128649</y>
      <z>3.998279</z>
      <bond>C3'</bond>
    </atom>
    <dihedral>N1 C2 N2 H22</dihedral>
    <dihedral>C3' C2' O2' H2''</dihedral>
  </residue>
  <residue>
    <name>DT</name>
    <atom>
      <name>P</name>
      <x>2.314489</x>
      <y>1.776673</y>
      <z>-0.478436</z>
      <bond>O1P</bond>
      <bond>O2P</bond>
      <bond>O5'</bond>
    </atom>
    <atom>
      <name>O1P</name>
      <x>1.933410</x>
      <y>3.073374</y>
      <z>-1.081549</z>
      <bond>P</bond>
    </atom>
    <atom>
      <name>O2P</name>
      <x>3.156547</x>
      <y>0.871841</y>
      <z>-1.292450</z>
      <bond>P</bond>
    </atom>
    <atom>
      <name>O5'</name>
      <altname>O5*</altname>
      <x>2.994369</x>
      <y>2.142475</y>
      <z>0.922974</z>
      <bond>P</bond>
      <bond>C5'</bond>
    </atom>
    <atom>
      <name>C5'</name>
      <altname>C5*</altname>
      <x>2.156035</x>
      <y>2.551837</y>
      <z>2.019887</z>
      <bond>O5'</bond>
      <bond>H5'</bond>
      <bond>H5''</bond>
      <bond>C4'</bond>
    </atom>
    <atom>
      <name>H5'</name>
      <altname>H5*</altname>
      <altname>H5'1</altname>
      <altname>H5*1</altname>
      <altname>1H5'</altname>
      <altname>1H5*</altname>
      <x>1.452687</x>
      <y>1.753841</y>
      <z>2.257803</z>
      <bond>C5'</bond>
    </atom>
    <atom>
      <name>H5''</name>
      <altname>H5**</altname>
      <altname>H5'2</altname>
      <altname>H5*2</altname>
      <altname>2H5'</altname>
      <altname>2H5*</altname>
      <altname>H5"</altname>
      <x>1.604968</x>
      <y>3.450028</y>
      <z>1.741178</z>
      <bond>C5'</bond>
    </atom>
    <atom>
      <name>C4'</name>
      <altname>C4*</altname>
      <x>3.008252</x>
      <y>2.847921</y>
      <z>3.243186</z>
      <bond>C5'</bond>
      <bond>H4'</bond>
      <bond>O4'</bond>
      <bond>C3'</bond>
    </atom>
    <atom>
      <name>H4'</name>
      <altname>H4*</altname>
      <x>2.447118</x>
      <y>3.477373</y>
      <z>3.933851</z>
      <bond>C4'</bond>
    </atom>
    <atom>
      <name>O4'</name>
      <altname>O4*</altname>
      <x>3.228121</x>
      <y>1.605168</y>
      <z>3.977231</z>
      <bond>C4'</bond>
      <bond>C1'</bond>
    </atom>
    <atom>
      <name>C1'</name>
      <altname>C1*</altname>
      <x>4.558614</x>
      <y>1.150950</y>
      <z>3.777548</z>
      <bond>O4'</bond>
      <bond>H1'</bond>
      <bond>N1</bond>
      <bond>C2'</bond>
    </atom>
    <atom>
      <name>H1'</name>
      <altname>H1*</altname>
      <x>5.072002</x>
      <y>1.095281</y>
      <z>4.737461</z>
      <bond>C1'</bond>
    </atom>
    <atom>
      <name>N1</name>
      <x>4.538757</x>
      <y>-0.306565</y>
      <z>3.312624</z>
      <bond>C1'</bond>
      <bond>C6</bond>
      <bond>C2</bond>
    </atom>
    <atom>
      <name>C6</name>
      <x>4.316907</x>
      <y>-0.672508</y>
      <z>2.011175</z>
      <bond>N1</bond>
      <bond>H6</bond>
      <bond>C5</bond>
    </atom>
    <atom>
      <name>H6</name>
      <x>4.145435</x>
      <y>0.083636</y>
      <z>1.259348</z>
      <bond>C6</bond>
    </atom>
    <atom>
      <name>C5</name>
      <x>4.360319</x>
      <y>-1.957589</y>
      <z>1.633974</z>
      <bond>C6</bond>
      <bond>C7</bond>
      <bond>C4</bond>
    </atom>
    <atom>
      <name>C7</name>
      <altname>C5M</altname>
      <x>4.118886</x>
      <y>-2.368545</y>
      <z>0.211713</z>
      <bond>C5</bond>
      <bond>H71</bond>
      <bond>H72</bond>
      <bond>H73</bond>
    </atom>
    <atom>
      <name>H71</name>
      <altname>H51</altname>
      <x>4.859541</x>
      <y>-1.896829</y>
      <z>-0.434053</z>
      <bond>C7</bond>
    </atom>
    <atom>
      <name>H72</name>
      <altname>H52</altname>
      <altname>2H7</altname>
      <altname>2H5</altname>
      <x>4.201276</x>
      <y>-3.452127</y>
      <z>0.127085</z>
      <bond>C7</bond>
    </atom>
    <atom>
      <name>H73</name>
      <altname>H53</altname>
      <altname>3H5</altname>
      <altname>3H7</altname>
      <x>3.120150</x>
      <y>-2.055730</y>
      <z>-0.092873</z>
      <bond>C7</bond>
    </atom>
    <atom>
      <name>C4</name>
      <x>4.642747</x>
      <y>-2.996990</y>
      <z>2.589735</z>
      <bond>C5</bond>
      <bond>O4</bond>
      <bond>N3</bond>
    </atom>
    <atom>
      <name>O4</name>
      <x>4.702951</x>
      <y>-4.199184</y>
      <z>2.336743</z>
      <bond>C4</bond>
    </atom>
    <atom>
      <name>N3</name>
      <x>4.852825</x>
      <y>-2.538493</y>
      <z>3.874277</z>
      <bond>C4</bond>
      <bond>H3</bond>
      <bond>C2</bond>
    </atom>
    <atom>
      <name>H3</name>
      <x>5.070434</x>
      <y>-3.289149</y>
      <z>4.634055</z>
      <bond>N3</bond>
    </atom>
    <atom>
      <name>C2</name>
      <x>4.814724</x>
      <y>-1.223882</y>
      <z>4.292304</z>
      <bond>N1</bond>
      <bond>N3</bond>
      <bond>O2</bond>
    </atom>
    <atom>
      <name>O2</name>
      <x>5.014668</x>
      <y>-0.915001</y>
      <z>5.455495</z>
      <bond>C2</bond>
    </atom>
    <atom>
      <name>C3'</name>
      <altname>C3*</altname>
      <x>4.415606</x>
      <y>3.377827</y>
      <z>2.961306</z>
      <bond>C4'</bond>
      <bond>H3'</bond>
      <bond>C2'</bond>
      <bond>O3'</bond>
    </atom>
    <atom>
      <name>H3'</name>
      <altname>H3*</altname>
      <x>4.412072</x>
      <y>3.941489</y>
      <z>2.028369</z>
      <bond>C3'</bond>
    </atom>
    <atom>
      <name>C2'</name>
      <altname>C2*</altname>
      <x>5.230443</x>
      <y>2.095696</y>
      <z>2.779425</z>
      <bond>C1'</bond>
      <bond>C3'</bond>
      <bond>H2'</bond>
      <bond>H2''</bond>
    </atom>
    <atom>
      <name>H2'</name>
      <altname>H2*</altname>
      <altname>H2'1</altname>
      <altname>H2*1</altname>
      <altname>1H2'</altname>
      <altname>1H2*</altname>
      <x>5.668211</x>
      <y>2.081313</y>
      <z>1.781301</z>
      <bond>C2'</bond>
    </atom>
    <atom>
      <name>H2''</name>
      <altname>H2**</altname>
      <altname>H2'2</altname>
      <altname>H2*2</altname>
      <altname>2H2'</altname>
      <altname>2H2*</altname>
      <x>6.025106</x>
      <y>2.060820</y>
      <z>3.524673</z>
      <bond>C2'</bond>
    </atom>
    <atom>
      <name>O3'</name>
      <altname>O3*</altname>
      <x>5.029898</x>
      <y>4.128649</y>
      <z>3.998279</z>
      <bond>C3'</bond>
    </atom>
    <dihedral>C6 C5 C7 H71</dihedral>
  </residue>
  <residue>
    <name>RU</name>
    <atom>
      <name>P</name>
      <x>2.314489</x>
      <y>1.776673</y>
      <z>-0.478436</z>
      <bond>O1P</bond>
      <bond>O2P</bond>
      <bond>O5'</bond>
    </atom>
    <atom>
      <name>O1P</name>
      <x>1.933410</x>
      <y>3.073374</y>
      <z>-1.081549</z>
      <bond>P</bond>
    </atom>
    <atom>
      <name>O2P</name>
      <x>3.156547</x>
      <y>0.871841</y>
      <z>-1.292450</z>
      <bond>P</bond>
    </atom>
    <atom>
      <name>O5'</name>
      <altname>O5*</altname>
      <x>2.994369</x>
      <y>2.142475</y>
      <z>0.922974</z>
      <bond>P</bond>
      <bond>C5'</bond>
    </atom>
    <atom>
      <name>C5'</name>
      <altname>C5*</altname>
      <x>2.156035</x>
      <y>2.551837</y>
      <z>2.019887</z>
      <bond>O5'</bond>
      <bond>H5'</bond>
      <bond>H5''</bond>
      <bond>C4'</bond>
    </atom>
    <atom>
      <name>H5'</name>
      <altname>H5*</altname>
      <altname>H5'1</altname>
      <altname>H5*1</altname>
      <altname>1H5'</altname>
      <altname>1H5*</altname> 
      <x>1.452687</x>
      <y>1.753841</y>
      <z>2.257803</z>
      <bond>C5'</bond>
    </atom>
    <atom>
      <name>H5''</name>
      <altname>H5**</altname>
      <altname>H5'2</altname>
      <altname>H5*2</altname>
      <altname>2H5'</altname>
      <altname>2H5*</altname> 
      <altname>H5"</altname>
      <x>1.604968</x>
      <y>3.450028</y>
      <z>1.741178</z>
      <bond>C5'</bond>
    </atom>
    <atom>
      <name>C4'</name>
      <altname>C4*</altname>
      <x>3.008252</x>
      <y>2.847921</y>
      <z>3.243186</z>
      <bond>C5'</bond>
      <bond>H4'</bond>
      <bond>O4'</bond>
      <bond>C3'</bond>
    </atom>
    <atom>
      <name>H4'</name>
      <altname>H4*</altname>
      <x>2.447118</x>
      <y>3.477373</y>
      <z>3.933851</z>
      <bond>C4'</bond>
    </atom>
    <atom>
      <name>O4'</name>
      <altname>O4*</altname>
      <x>3.228121</x>
      <y>1.605168</y>
      <z>3.977231</z>
      <bond>C4'</bond>
      <bond>C1'</bond>
    </atom>
    <atom>
      <name>C1'</name>
      <altname>C1*</altname>
      <x>4.558614</x>
      <y>1.150950</y>
      <z>3.777548</z>
      <bond>O4'</bond>
      <bond>H1'</bond>
      <bond>N1</bond>
      <bond>C2'</bond>
    </atom>
    <atom>
      <name>H1'</name>
      <altname>H1*</altname>
      <x>5.072002</x>
      <y>1.095281</y>
      <z>4.737461</z>
      <bond>C1'</bond>
    </atom>
    <atom>
      <name>N1</name>
      <x>4.538757</x>
      <y>-0.306565</y>
      <z>3.312624</z>
      <bond>C1'</bond>
      <bond>C6</bond>
      <bond>C2</bond>
    </atom>
    <atom>
      <name>C6</name>
      <x>4.316907</x>
      <y>-0.672508</y>
      <z>2.011175</z>
      <bond>N1</bond>
      <bond>H6</bond>
      <bond>C5</bond>
    </atom>
    <atom>
      <name>H6</name>
      <x>4.145435</x>
      <y>0.083636</y>
      <z>1.259348</z>
      <bond>C6</bond>
    </atom>
    <atom>
      <name>C5</name>
      <x>4.360319</x>
      <y>-1.957589</y>
      <z>1.633974</z>
      <bond>C6</bond>
      <bond>H5</bond>
      <bond>C4</bond>
    </atom>
    <atom>
      <name>H5</name>
      <x>4.180695</x>
      <y>-2.226406</y>
      <z>0.593026</z>
      <bond>C5</bond>
    </atom>
    <atom>
      <name>C4</name>
      <x>4.642747</x>
      <y>-2.996990</y>
      <z>2.589735</z>
      <bond>C5</bond>
      <bond>O4</bond>
      <bond>N3</bond>
    </atom>
    <atom>
      <name>O4</name>
      <x>4.702951</x>
      <y>-4.199184</y>
      <z>2.336743</z>
      <bond>C4</bond>
    </atom>
    <atom>
      <name>N3</name>
      <x>4.852825</x>
      <y>-2.538493</y>
      <z>3.874277</z>
      <bond>C4</bond>
      <bond>H3</bond>
      <bond>C2</bond>
    </atom>
    <atom>
      <name>H3</name>
      <x>5.070434</x>
      <y>-3.289149</y>
      <z>4.634055</z>
      <bond>N3</bond>
    </atom>
    <atom>
      <name>C2</name>
      <x>4.814724</x>
      <y>-1.223882</y>
      <z>4.292304</z>
      <bond>N1</bond>
      <bond>N3</bond>
      <bond>O2</bond>
    </atom>
    <atom>
      <name>O2</name>
      <x>5.014668</x>
      <y>-0.915001</y>
      <z>5.455495</z>
      <bond>C2</bond>
    </atom>
    <atom>
      <name>C3'</name>
      <altname>C3*</altname>
      <x>4.415606</x>
      <y>3.377827</y>
      <z>2.961306</z>
      <bond>C4'</bond>
      <bond>H3'</bond>
      <bond>C2'</bond>
      <bond>O3'</bond>
    </atom>
    <atom>
      <name>H3'</name>
      <altname>H3*</altname>
      <x>4.412072</x>
      <y>3.941489</y>
      <z>2.028369</z>
      <bond>C3'</bond>
    </atom>
    <atom>
      <name>C2'</name>
      <altname>C2*</altname>
      <x>5.230443</x>
      <y>2.095696</y>
      <z>2.779425</z>
      <bond>C1'</bond>
      <bond>C3'</bond>
      <bond>H2'</bond>
      <bond>O2'</bond>
    </atom>
    <atom>
      <name>H2'</name>
      <altname>H2*</altname>
      <altname>H2'1</altname>
      <altname>H2*1</altname>
      <altname>1H2'</altname>
      <altname>1H2*</altname>
      <x>5.668211</x>
      <y>2.081313</y>
      <z>1.781301</z>
      <bond>C2'</bond>
    </atom>
    <atom>
      <name>O2'</name>
      <altname>O2*</altname>
      <x>6.272982</x>
      <y>2.049941</y>
      <z>3.757136</z>
      <bond>C2'</bond>
      <bond>H2''</bond>
    </atom>
    <atom>
      <name>H2''</name>
      <altname>H2**</altname>
      <altname>HO'2</altname>
      <altname>HO*2</altname>
      <altname>H2'2</altname> 
      <altname>H2*2</altname>
      <altname>2HO'</altname>
      <altname>2HO*</altname>
      <altname>2H2'</altname>
      <altname>2H2*</altname>
      <altname>HO2'</altname>
      <x>6.759278</x>
      <y>1.235228</y>
      <z>3.610987</z>
      <bond>O2'</bond>
    </atom>
    <atom>
      <name>O3'</name>
      <altname>O3*</altname>
      <x>5.029898</x>
      <y>4.128649</y>
      <z>3.998279</z>
      <bond>C3'</bond>
    </atom>
    <dihedral>C3' C2' O2' H2''</dihedral>
  </residue>
</nucleicacids>
